{ 
    
    "sueloN1Parte1": [
        
        {
            "density": 2, "friction": 0, "bounce": 0, 
            "filter": { "categoryBits": 1, "maskBits": 65535 },
            "shape": [   2167, 1507  ,  2016, 1647  ,  2012, 1507  ]
        } ,
        {
            "density": 2, "friction": 0, "bounce": 0, 
            "filter": { "categoryBits": 1, "maskBits": 65535 },
            "shape": [   5848, 1629  ,  5414, 1620  ,  5663.94873046875, 1431.5450439453125  ,  5674, 1427  ,  5686, 1426  ,  5848, 1426  ]
        } ,
        {
            "density": 2, "friction": 0, "bounce": 0, 
            "filter": { "categoryBits": 1, "maskBits": 65535 },
            "shape": [   9590, 1290  ,  9733, 1410  ,  9455, 1628  ,  9457, 1290  ]
        } ,
        {
            "density": 2, "friction": 0, "bounce": 0, 
            "filter": { "categoryBits": 1, "maskBits": 65535 },
            "shape": [   9900, 1460  ,  9455, 1628  ,  9733, 1410  ]
        } ,
        {
            "density": 2, "friction": 0, "bounce": 0, 
            "filter": { "categoryBits": 1, "maskBits": 65535 },
            "shape": [   1834, 1510  ,  1834, 1643  ,  -15, 1995  ,  4, 1509  ]
        } ,
        {
            "density": 2, "friction": 0, "bounce": 0, 
            "filter": { "categoryBits": 1, "maskBits": 65535 },
            "shape": [   5003.86279296875, 1436.051513671875  ,  5243, 1614  ,  4027, 1594  ,  4052, 1575  ,  4970.38623046875, 1425.9656372070312  ,  4989, 1428  ]
        } ,
        {
            "density": 2, "friction": 0, "bounce": 0, 
            "filter": { "categoryBits": 1, "maskBits": 65535 },
            "shape": [   4970.38623046875, 1425.9656372070312  ,  4052, 1575  ,  4246, 1427  ]
        } ,
        {
            "density": 2, "friction": 0, "bounce": 0, 
            "filter": { "categoryBits": 1, "maskBits": 65535 },
            "shape": [   6331, 1067  ,  6295, 1031  ,  6561, 1031  ,  6559, 1066  ]
        } ,
        {
            "density": 2, "friction": 0, "bounce": 0, 
            "filter": { "categoryBits": 1, "maskBits": 65535 },
            "shape": [   2778, 1426  ,  2870, 1461  ,  3075, 1616  ,  2016, 1647  ,  2167, 1507  ,  2271, 1426  ]
        } ,
        {
            "density": 2, "friction": 0, "bounce": 0, 
            "filter": { "categoryBits": 1, "maskBits": 65535 },
            "shape": [   2847.4248046875, 1446.3519287109375  ,  2870, 1461  ,  2778, 1426  ,  2797.210205078125, 1427.0386352539062  ,  2821, 1432  ]
        } ,
        {
            "density": 2, "friction": 0, "bounce": 0, 
            "filter": { "categoryBits": 1, "maskBits": 65535 },
            "shape": [   10138, 1453  ,  12997, 2006  ,  9455, 1628  ,  9900, 1460  ]
        } ,
        {
            "density": 2, "friction": 0, "bounce": 0, 
            "filter": { "categoryBits": 1, "maskBits": 65535 },
            "shape": [   3012, 1236  ,  3398, 1272  ,  3009, 1271  ]
        } ,
        {
            "density": 2, "friction": 0, "bounce": 0, 
            "filter": { "categoryBits": 1, "maskBits": 65535 },
            "shape": [   3433, 1274  ,  3398, 1272  ,  3012, 1236  ,  3856, 1236  ,  3857, 1273  ]
        } ,
        {
            "density": 2, "friction": 0, "bounce": 0, 
            "filter": { "categoryBits": 1, "maskBits": 65535 },
            "shape": [   6331, 1067  ,  6334, 1766  ,  6295, 1629  ,  6295, 1031  ]
        } ,
        {
            "density": 2, "friction": 0, "bounce": 0, 
            "filter": { "categoryBits": 1, "maskBits": 65535 },
            "shape": [   6334, 1766  ,  5848, 1629  ,  6295, 1629  ]
        } ,
        {
            "density": 2, "friction": 0, "bounce": 0, 
            "filter": { "categoryBits": 1, "maskBits": 65535 },
            "shape": [   6334, 1766  ,  5406, 1626  ,  5414, 1620  ,  5848, 1629  ]
        } ,
        {
            "density": 2, "friction": 0, "bounce": 0, 
            "filter": { "categoryBits": 1, "maskBits": 65535 },
            "shape": [   9455, 1628  ,  12997, 2006  ,  6514, 1767  ,  6515, 1627  ]
        } ,
        {
            "density": 2, "friction": 0, "bounce": 0, 
            "filter": { "categoryBits": 1, "maskBits": 65535 },
            "shape": [   13000, 10  ,  12997, 2006  ,  12950, 1290  ,  12950, 20  ]
        } ,
        {
            "density": 2, "friction": 0, "bounce": 0, 
            "filter": { "categoryBits": 1, "maskBits": 65535 },
            "shape": [   12950, 1290  ,  12997, 2006  ,  10290, 1390  ,  10398, 1290  ]
        } ,
        {
            "density": 2, "friction": 0, "bounce": 0, 
            "filter": { "categoryBits": 1, "maskBits": 65535 },
            "shape": [   12997, 2006  ,  10138, 1453  ,  10290, 1390  ]
        } ,
        {
            "density": 2, "friction": 0, "bounce": 0, 
            "filter": { "categoryBits": 1, "maskBits": 65535 },
            "shape": [   -15, 1995  ,  6334, 1766  ,  12997, 2006  ]
        } ,
        {
            "density": 2, "friction": 0, "bounce": 0, 
            "filter": { "categoryBits": 1, "maskBits": 65535 },
            "shape": [   2016, 1647  ,  -15, 1995  ,  1834, 1643  ]
        } ,
        {
            "density": 2, "friction": 0, "bounce": 0, 
            "filter": { "categoryBits": 1, "maskBits": 65535 },
            "shape": [   3075, 1616  ,  3105, 1628  ,  -15, 1995  ,  2016, 1647  ]
        } ,
        {
            "density": 2, "friction": 0, "bounce": 0, 
            "filter": { "categoryBits": 1, "maskBits": 65535 },
            "shape": [   5243, 1614  ,  5259, 1625  ,  3972, 1628  ,  4027, 1594  ]
        } ,
        {
            "density": 2, "friction": 0, "bounce": 0, 
            "filter": { "categoryBits": 1, "maskBits": 65535 },
            "shape": [   6334, 1766  ,  5399, 1629  ,  5406, 1626  ]
        } ,
        {
            "density": 2, "friction": 0, "bounce": 0, 
            "filter": { "categoryBits": 1, "maskBits": 65535 },
            "shape": [   5270, 1629  ,  3933, 1632  ,  3972, 1628  ,  5259, 1625  ]
        } ,
        {
            "density": 2, "friction": 0, "bounce": 0, 
            "filter": { "categoryBits": 1, "maskBits": 65535 },
            "shape": [   3433, 1274  ,  3431, 1632  ,  3395, 1632  ,  3398, 1272  ]
        } ,
        {
            "density": 2, "friction": 0, "bounce": 0, 
            "filter": { "categoryBits": 1, "maskBits": 65535 },
            "shape": [   3157, 1631  ,  -15, 1995  ,  3105, 1628  ]
        } ,
        {
            "density": 2, "friction": 0, "bounce": 0, 
            "filter": { "categoryBits": 1, "maskBits": 65535 },
            "shape": [   3395, 1632  ,  6334, 1766  ,  -15, 1995  ,  3157, 1631  ]
        } ,
        {
            "density": 2, "friction": 0, "bounce": 0, 
            "filter": { "categoryBits": 1, "maskBits": 65535 },
            "shape": [   6334, 1766  ,  5392, 1630  ,  5399, 1629  ]
        } ,
        {
            "density": 2, "friction": 0, "bounce": 0, 
            "filter": { "categoryBits": 1, "maskBits": 65535 },
            "shape": [   6334, 1766  ,  3933, 1632  ,  5392, 1630  ]
        } ,
        {
            "density": 2, "friction": 0, "bounce": 0, 
            "filter": { "categoryBits": 1, "maskBits": 65535 },
            "shape": [   5281, 1630  ,  3933, 1632  ,  5270, 1629  ]
        } ,
        {
            "density": 2, "friction": 0, "bounce": 0, 
            "filter": { "categoryBits": 1, "maskBits": 65535 },
            "shape": [   6334, 1766  ,  3395, 1632  ,  3933, 1632  ]
        } ,
        {
            "density": 2, "friction": 0, "bounce": 0, 
            "filter": { "categoryBits": 1, "maskBits": 65535 },
            "shape": [   7499, 1068  ,  7360, 1031  ,  7395, 1027  ,  7498, 1029  ]
        } ,
        {
            "density": 2, "friction": 0, "bounce": 0, 
            "filter": { "categoryBits": 1, "maskBits": 65535 },