{ 
    
    "Button": [
        
        {
            "density": 2, "friction": 0, "bounce": 0, 
            "filter": { "categoryBits": 1, "maskBits": 65535 },
            "shape": [   99, 27  ,  0, 27  ,  17.021276473999023, 17.276596069335938  ,  82.97872161865234, 16.425533294677734  ,  99, 17  ]
        } ,
        {
            "density": 2, "friction": 0, "bounce": 0, 
            "filter": { "categoryBits": 1, "maskBits": 65535 },
            "shape": [   17.021276473999023, 17.276596069335938  ,  0, 27  ,  0, 17  ]
        } ,
        {
            "density": 2, "friction": 0, "bounce": 0, 
            "filter": { "categoryBits": 1, "maskBits": 65535 },
            "shape": [   56, 0  ,  82.97872161865234, 16.425533294677734  ,  17.021276473999023, 17.276596069335938  ,  41, 0  ]
        } ,
        {
            "density": 2, "friction": 0, "bounce": 0, 
            "filter": { "categoryBits": 1, "maskBits": 65535 },
            "shape": [   197, 27  ,  100, 27  ,  116, 17  ,  182, 16  ,  197, 17  ]
        } ,
        {
            "density": 2, "friction": 0, "bounce": 0, 
            "filter": { "categoryBits": 1, "maskBits": 65535 },
            "shape": [   116, 17  ,  100, 27  ,  100, 17  ]
        } ,
        {
            "density": 2, "friction": 0, "bounce": 0, 
            "filter": { "categoryBits": 1, "maskBits": 65535 },
            "shape": [   156, 3  ,  182, 16  ,  116, 17  ,  140, 3  ]
        } ,
        {
            "density": 2, "friction": 0, "bounce": 0, 
            "filter": { "categoryBits": 1, "maskBits": 65535 },
            "shape": [   296, 27  ,  199, 27  ,  215, 17  ,  281, 16  ,  296, 17  ]
        } ,
        {
            "density": 2, "friction": 0, "bounce": 0, 
            "filter": { "categoryBits": 1, "maskBits": 65535 },
            "shape": [   215, 17  ,  199, 27  ,  199, 17  ]
        } ,
        {
            "density": 2, "friction": 0, "bounce": 0, 
            "filter": { "categoryBits": 1, "maskBits": 65535 },
            "shape": [   255, 5  ,  281, 16  ,  215, 17  ,  239, 5  ]
        } ,
        {
            "density": 2, "friction": 0, "bounce": 0, 
            "filter": { "categoryBits": 1, "maskBits": 65535 },
            "shape": [   395, 27  ,  299, 27  ,  315, 17  ,  380, 16  ,  395, 17  ]
        } ,
        {
            "density": 2, "friction": 0, "bounce": 0, 
            "filter": { "categoryBits": 1, "maskBits": 65535 },
            "shape": [   315, 17  ,  299, 27  ,  299, 17  ]
        } ,
        {
            "density": 2, "friction": 0, "bounce": 0, 
            "filter": { "categoryBits": 1, "maskBits": 65535 },
            "shape": [   355, 7  ,  380, 16  ,  315, 17  ,  339, 7  ]
        } ,
        {
            "density": 2, "friction": 0, "bounce": 0, 
            "filter": { "categoryBits": 1, "maskBits": 65535 },
            "shape": [   413, 17  ,  397, 27  ,  397, 17  ]
        } ,
        {
            "density": 2, "friction": 0, "bounce": 0, 
            "filter": { "categoryBits": 1, "maskBits": 65535 },
            "shape": [   494, 27  ,  478, 16  ,  494, 17  ]
        } ,
        {
            "density": 2, "friction": 0, "bounce": 0, 
            "filter": { "categoryBits": 1, "maskBits": 65535 },
            "shape": [   494, 27  ,  397, 27  ,  413, 17  ,  437, 9  ,  453, 9  ,  478, 16  ]
        } ,
        {
            "density": 2, "friction": 0, "bounce": 0, 
            "filter": { "categoryBits": 1, "maskBits": 65535 },
            "shape": [   17, 45  ,  1, 55  ,  1, 45  ]
        } ,
        {
            "density": 2, "friction": 0, "bounce": 0, 
            "filter": { "categoryBits": 1, "maskBits": 65535 },
            "shape": [   98, 55  ,  82, 44  ,  98, 45  ]
        } ,
        {
            "density": 2, "friction": 0, "bounce": 0, 
            "filter": { "categoryBits": 1, "maskBits": 65535 },
            "shape": [   98, 55  ,  1, 55  ,  17, 45  ,  42, 38  ,  57, 38  ,  82, 44  ]
        } ,
        {
            "density": 2, "friction": 0, "bounce": 0, 
            "filter": { "categoryBits": 1, "maskBits": 65535 },
            "shape": [   197, 55  ,  182, 44  ,  197, 45  ]
        } ,
        {
            "density": 2, "friction": 0, "bounce": 0, 
            "filter": { "categoryBits": 1, "maskBits": 65535 },
            "shape": [   117, 45  ,  101, 55  ,  101, 45  ]
        } ,
        {
            "density": 2, "friction": 0, "bounce": 0, 
            "filter": { "categoryBits": 1, "maskBits": 65535 },
            "shape": [   197, 55  ,  101, 55  ,  117, 45  ,  142, 39  ,  157, 39  ,  182, 44  ]
        } ,
        {
            "density": 2, "friction": 0, "bounce": 0, 
            "filter": { "categoryBits": 1, "maskBits": 65535 },
            "shape": [   215, 45  ,  199, 55  ,  199, 45  ]
        } ,
        {
            "density": 2, "friction": 0, "bounce": 0, 
            "filter": { "categoryBits": 1, "maskBits": 65535 },
            "shape": [   296, 55  ,  280, 44  ,  296, 45  ]
        } ,
        {
            "density": 2, "friction": 0, "bounce": 0, 
            "filter": { "categoryBits": 1, "maskBits": 65535 },
            "shape": [   296, 55  ,  199, 55  ,  215, 45  ,  240, 41  ,  256, 41  ,  280, 44  ]
        } ,
        {
            "density": 2, "friction": 0, "bounce": 0, 
            "filter": { "categoryBits": 1, "maskBits": 65535 },
            "shape": [   314, 45  ,  298, 55  ,  298, 45  ]
        } ,
        {
            "density": 2, "friction": 0, "bounce": 0, 
            "filter": { "categoryBits": 1, "maskBits": 65535 },
            "shape": [   395, 55  ,  379, 44  ,  395, 45  ]
        } ,
        {
            "density": 2, "friction": 0, "bounce": 0, 
            "filter": { "categoryBits": 1, "maskBits": 65535 },
            "shape": [   395, 55  ,  298, 55  ,  314, 45  ,  339, 42  ,  356, 42  ,  379, 44  ]
        } ,
        {
            "density": 2, "friction": 0, "bounce": 0, 
            "filter": { "categoryBits": 1, "maskBits": 65535 },
            "shape": [   478, 45  ,  494, 55  ,  397, 55  ,  397, 45  ]
        } ,
        {
            "density": 2, "friction": 0, "bounce": 0, 
            "filter": { "categoryBits": 1, "maskBits": 65535 },
            "shape": [   494, 55  ,  478, 45  ,  494, 45  ]
        }
    ]
}
