{ 
    
    "bobina": [
        
    ]
    , 
    "bobina2": [
        
        {
            "density": 2, "friction": 0, "bounce": 0, 
            "filter": { "categoryBits": 1, "maskBits": 65535 },
            "shape": [   30.869565963745117, 18.130434036254883  ,  41, 25  ,  0, 49  ,  0, 0  ]
        } ,
        {
            "density": 2, "friction": 0, "bounce": 0, 
            "filter": { "categoryBits": 1, "maskBits": 65535 },
            "shape": [   47, 10  ,  41, 25  ,  30.869565963745117, 18.130434036254883  ,  41, 6  ]
        } ,
        {
            "density": 2, "friction": 0, "bounce": 0, 
            "filter": { "categoryBits": 1, "maskBits": 65535 },
            "shape": [   30.869565963745117, 31.173913955688477  ,  41, 25  ,  48, 38  ,  43, 43  ]
        } ,
        {
            "density": 2, "friction": 0, "bounce": 0, 
            "filter": { "categoryBits": 1, "maskBits": 65535 },
            "shape": [   246, 25  ,  256, 18  ,  287, 0  ,  287, 49  ]
        } ,
        {
            "density": 2, "friction": 0, "bounce": 0, 
            "filter": { "categoryBits": 1, "maskBits": 65535 },
            "shape": [   256, 18  ,  246, 25  ,  240, 10  ,  246, 6  ]
        } ,
        {
            "density": 2, "friction": 0, "bounce": 0, 
            "filter": { "categoryBits": 1, "maskBits": 65535 },
            "shape": [   239, 38  ,  246, 25  ,  256, 31  ,  244, 43  ]
        }
    ]
}
